13 - PC Wise Voters Turn Out,,,,,,,,,,,,,,
,,,, VOTERS ,,,,,,,,,,
,,,, EVM ,,,,, POSTAL VOTES ,,,Voters Turn Out(Excl. Postal)%,,
 State Name , PC NO. , PC NAME , ELECTORS , MALE , FEMALE , THIRD GENDER , TOTAL , NRI ,, TOTAL VOTERS , VOTER TURN OUT (%) , MALE , FEMALE , THIRD GENDER 
Andaman & Nicobar Islands,1,Andaman & Nicobar Islands,318471,109407,97671,2,207080,0,318,207398,65.12304103,64.63308009,65.46840228,22.22222222
Andhra Pradesh,1,Aruku ,1451418,523085,544258,19,1067362,0,10873,1078235,74.28838557,73.70529436,73.38712505,20.21276596
Andhra Pradesh,2,Srikakulam,1553860,548060,594937,14,1143011,0,21275,1164286,74.92862935,70.07911168,77.1051281,6.698564593
Andhra Pradesh,3,Vizianagaram,1503980,603059,605843,7,1208909,0,13524,1222433,81.27987074,79.97960255,80.79619546,5.691056911
Andhra Pradesh,4,Visakhapatnam,1829300,608306,624713,7,1233026,0,6895,1239921,67.78117313,66.25553712,68.56968179,6.034482759
Andhra Pradesh,5,Anakapalli,1521363,606111,626764,6,1232881,0,7575,1240456,81.53583333,80.78916291,81.28612726,9.090909091
Andhra Pradesh,6,Kakinada,1563930,616003,611330,66,1227399,0,9415,1236814,79.08371858,79.37886342,77.61186071,29.33333333
Andhra Pradesh,7,Amalapuram ,1459556,617210,607337,0,1224547,0,10821,1235368,84.63998641,84.62396964,83.1773653,0
Andhra Pradesh,8,Rajahmundry,1534256,617706,626974,8,1244688,0,5800,1250488,81.50452076,81.92278617,80.36850552,6.557377049
Andhra Pradesh,9,Narsapuram,1439691,580912,587960,35,1168907,5,10255,1179162,81.9038252,81.94000124,80.47742236,22.87581699
Andhra Pradesh,10,Eluru ,1594950,659879,662137,32,1322048,0,10162,1332210,83.52675632,83.99874233,81.82248442,24.24242424
Andhra Pradesh,11,Machilipatnam ,1473347,609214,626244,14,1235472,0,10080,1245552,84.53894432,84.43363408,83.30858995,13.86138614
Andhra Pradesh,12,Vijayawada,1652994,632378,640718,36,1273132,0,4643,1277775,77.30064356,77.57249981,76.49350355,20.68965517
Andhra Pradesh,13,Guntur,1706119,659306,686873,31,1346210,0,5317,1351527,79.21645559,79.42555834,78.42690163,14.55399061
Andhra Pradesh,14,Narasaraopet,1670391,707594,721882,49,1429525,0,11207,1440732,86.25118311,86.15232142,85.04175031,23.78640777
Andhra Pradesh,15,Bapatla ,1468671,618167,636396,7,1254570,0,15428,1269998,86.47260006,85.54062151,85.31612343,8.235294118
Andhra Pradesh,16,Ongole ,1556469,663664,659603,29,1323296,0,20707,1344003,86.3494872,84.94627372,85.09831546,33.33333333
Andhra Pradesh,17,Nandyal,1603220,639159,649242,75,1288476,0,11309,1299785,81.07340228,80.67327123,80.0935104,22.45508982
Andhra Pradesh,18,Kurnool,1573009,596807,585326,24,1182157,0,8515,1190672,75.69390894,75.85947857,74.4610938,12.06030151
Andhra Pradesh,19,Anantapur,1664160,672882,661447,46,1334375,0,13739,1348114,81.00867705,80.82064759,79.55668402,25.27472527
Andhra Pradesh,20,Hindupur,1578218,672703,654120,20,1326843,0,13184,1340027,84.90759832,84.57024252,83.57128895,27.77777778
Andhra Pradesh,21,Kadapa,1570330,593730,625851,67,1219648,0,15899,1235547,78.68072316,76.6505765,78.67361908,28.63247863
Andhra Pradesh,22,Nellore,1672845,629756,644145,33,1273934,0,15227,1289161,77.06398381,76.62514327,75.71531338,14.16309013
Andhra Pradesh,23,Tirupati ,1650453,643590,660641,31,1304262,0,12211,1316473,79.76434349,79.39899602,78.68323922,12.15686275
Andhra Pradesh,24,Rajampet,1546938,597375,615378,21,1212774,0,13378,1226152,79.26316375,77.86877767,78.93296871,13.04347826
Andhra Pradesh,25,Chittoor ,1566499,650995,658150,27,1309172,0,10463,1319635,84.24103686,83.49279597,83.66543994,17.76315789
Arunachal Pradesh,1,ARUNACHAL WEST,463775,160826,183297,0,344123,0,19924,364047,78.49646919,71.2338111,77.01457545,0
Arunachal Pradesh,2,ARUNACHAL EAST,339788,139963,142891,0,282854,0,12865,295719,87.03044251,80.45006466,86.17599344,0
Assam,1,Karimganj ,1340173,556550,502069,0,1058619,0,2541,1061160,79.18082218,79.64618234,78.27985724,0
Assam,2,Silchar,1195720,485516,459284,2,944802,0,5888,950690,79.50774429,78.52319795,79.55228844,2.666666667
Assam,3,Autonomous District,795945,312945,302927,0,615872,0,1986,617858,77.62571534,77.19717601,77.56321133,0
Assam,4,Dhubri,1858566,862010,820604,2,1682616,0,2442,1685058,90.66441547,90.61113453,90.45328936,8.333333333
Assam,5,Kokrajhar,1776358,751087,718477,0,1469564,0,10180,1479744,83.30212716,82.43584523,83.0415325,0
Assam,6,Barpeta,1685149,750196,702041,1,1452238,0,6570,1458808,86.56848742,85.92414765,86.45377948,6.25
Assam,7,Gauhati,2181319,899023,862213,4,1761240,0,2710,1763950,80.86620985,81.47929627,79.9926707,5.128205128
Assam,8,Mangaldoi,1800237,777107,724548,0,1501655,0,4764,1506419,83.67892672,83.96119085,82.83862116,0
Assam,9,Tezpur,1499639,598677,587656,2,1186335,0,5550,1191885,79.47812774,77.93020767,80.34827027,6.451612903
Assam,10,Nowgong,1794648,761620,728706,3,1490329,0,3295,1493624,83.22657145,82.58012751,83.53664199,6.12244898
Assam,11,Kaliabor,1734938,728541,693125,5,1421671,0,3124,1424795,82.12368396,82.16735934,81.71360127,10.86956522
Assam,12,Jorhat,1365035,535678,518560,1,1054239,0,4581,1058820,77.56724187,77.22642385,77.23769776,14.28571429
Assam,13,Dibrugarh,1314319,514418,499258,1,1013677,0,2315,1015992,77.30178138,77.39193491,76.85633753,3.571428571
Assam,14,Lakhimpur,1708013,651081,628945,2,1280028,0,3922,1283950,75.17214447,74.82433982,75.06877928,4.761904762
Bihar,1,Valmiki Nagar,1665502,530289,499397,2,1029688,0,2543,1032231,61.97716965,59.26135773,64.8083574,2.083333333
Bihar,2,Paschim Champaran,1633824,524330,483548,5,1007883,0,5490,1013373,62.0246122,59.62598011,64.09737061,7.936507937
Bihar,3,Purvi Champaran,1658672,502773,490037,0,992810,0,7325,1000135,60.29733425,56.87985691,63.25302527,0
Bihar,4,Sheohar,1686215,500312,500529,0,1000841,0,4086,1004927,59.59661135,55.79536317,63.4017602,0
Bihar,5,Sitamarhi,1752454,504721,529645,1,1034367,0,5233,1039600,59.32252715,54.34698574,64.30095047,1.785714286
Bihar,6,Madhubani,1792798,454516,507776,2,962294,0,2412,964706,53.81007788,48.03730396,59.98010806,3.921568627
Bihar,7,Jhanjharpur,1852417,496451,562801,0,1059252,0,3139,1062391,57.35161144,51.15082689,63.82505072,0
Bihar,8,Supaul,1690620,529157,580683,0,1109840,0,1156,1110996,65.71529971,60.09480578,71.68448029,0
Bihar,9,Araria,1805439,575565,593532,1,1169098,0,643,1169741,64.78983782,60.5514345,69.43218415,1.587301587
Bihar,10,Kishanganj,1659651,537374,563614,3,1100991,0,665,1101656,66.37877481,62.55386714,70.40484277,5
Bihar,11,Katihar,1653353,554254,562770,0,1117024,0,1265,1118289,67.63764302,63.26421594,72.41161015,0
Bihar,12,Purnia,1765312,574694,578456,1,1153151,0,838,1153989,65.3702575,62.72404407,68.13091553,2
Bihar,13,Madhepura,1884883,552934,592789,0,1145723,0,1929,1147652,60.88717443,56.59381263,65.29735743,0
Bihar,14,Darbhanga,1654811,468623,493457,2,962082,0,3428,965510,58.34563585,53.48246669,63.37975165,9.523809524
Bihar,15,Muzaffarpur,1730553,532392,521572,0,1053964,0,4543,1058507,61.16582387,57.70361314,64.55985909,0
Bihar,16,Vaishali,1735983,536923,535176,2,1072101,0,2650,1074751,61.91022608,57.58406119,66.60402554,4.166666667
Bihar,17,Gopalganj (SC),1839514,476256,539136,2,1015394,0,10662,1026056,55.77864588,50.62454757,59.99198825,2.739726027
Bihar,18,Siwan,1799551,471597,510554,0,982151,0,2699,984850,54.72754037,49.96027307,59.67525136,0
Bihar,19,Maharajganj,1807768,467023,501866,2,968891,0,4098,972989,53.82266972,48.78304314,59.01723011,4.081632653
Bihar,20,Saran,1667253,479986,458722,0,938708,0,4907,943615,56.59698918,53.52804728,59.5336173,0
Bihar,21,Hajipur (SC),1823664,518835,485247,4,1004086,0,3594,1007680,55.25579273,52.71754427,57.80700145,6.779661017
Bihar,22,Ujiarpur,1612300,478018,488760,1,966779,0,3083,969862,60.15394157,55.52228474,65.05584373,1.694915254
Bihar,23,Samastipur (SC),1679030,496337,520796,0,1017133,0,2638,1019771,60.73572241,55.6761177,66.13080998,0
Bihar,24,Begusarai,1958382,603585,613828,3,1217416,0,9087,1226503,62.62838404,57.84352153,67.09668675,4.838709677
Bihar,25,Khagaria,1676454,467181,497927,4,965112,0,2299,967411,57.70578853,52.73024426,62.99396789,11.42857143
Bihar,26,Bhagalpur,1823820,546334,493759,3,1040096,0,3086,1043182,57.19764012,56.51273086,57.61441577,4.347826087
Bihar,27,Banka,1699394,497999,496121,0,994120,0,1740,995860,58.60088949,55.11948112,62.33576459,0
Bihar,28,Munger,1888025,547935,483085,1,1031021,0,5420,1036441,54.89551251,53.96625133,55.35883517,1.886792453
Bihar,29,Nalanda,2114809,559964,469057,0,1029021,0,2853,1031874,48.79277514,49.86047075,47.29961116,0
Bihar,30,Patna Sahib,2146008,548683,429918,1,978602,0,4337,982939,45.80313773,48.39865782,42.47265672,0.900900901
Bihar,31,Pataliputra,1925479,595000,478175,0,1073175,0,5634,1078809,56.02808444,58.8522719,52.29282451,0
Bihar,32,Arrah,2089353,607717,465201,1,1072919,0,9545,1082464,51.80857423,52.85134464,49.52239521,0.854700855
Bihar,33,Buxar,1829373,543539,436752,0,980291,0,6671,986962,53.95083452,55.95511147,50.90539507,0
Bihar,34,Sasaram (SC),1787878,531450,437794,0,969244,0,6333,975577,54.56619523,56.58701858,51.58552852,0
Bihar,35,Karakat,1771254,483732,380773,2,864507,0,5039,869546,49.09211214,51.6047955,45.66614577,3.50877193
Bihar,36,Jahanabad,1588454,443543,373430,1,816974,0,5259,822233,51.76309796,53.44612767,49.23126818,2.272727273
Bihar,37,Aurangabad,1742883,485950,446877,5,932832,0,2637,935469,53.67365451,52.80538453,54.32725681,9.615384615
Bihar,38,Gaya (SC),1704596,499260,455841,1,955102,0,2552,957654,56.18070205,56.47890893,55.55229221,1.724137931
Bihar,39,Nawada,1899747,482016,453338,1,935355,0,9336,944691,49.72720052,48.75782932,49.7585819,1.25
Bihar,40,Jamui (SC),1718814,479673,467631,2,947306,0,2255,949561,55.24512833,52.61274206,57.94152705,5.714285714
Chandigarh,1,CHANDIGARH,646729,240635,215557,15,456207,1,430,456637,70.60716312,70.31978282,70.78884886,71.42857143
Chhattisgarh,1,SARGUJA,1655239,648612,629773,7,1278392,0,2824,1281216,77.40368611,78.07256064,76.38787979,41.17647059
Chhattisgarh,2,RAIGARH,1733805,671128,675724,11,1346863,0,3878,1350741,77.90616592,77.55343059,77.81234958,39.28571429
Chhattisgarh,3,JANJGIR-CHAMPA,1897134,635661,607315,4,1242980,0,5494,1248474,65.80842471,65.80505106,65.22322805,16
Chhattisgarh,4,KORBA,1508840,574105,560913,18,1135036,0,2387,1137423,75.38393733,75.61724127,74.83230162,32.72727273
Chhattisgarh,5,BILASPUR,1876953,623184,584177,22,1207383,0,2878,1210261,64.48009087,65.34662809,63.27719906,24.17582418
Chhattisgarh,6,RAJNANDGAON,1716459,663568,640925,3,1304496,0,3382,1307878,76.19628549,77.23549699,74.76052835,50
Chhattisgarh,7,DURG,1940269,715194,674156,11,1389361,0,3358,1392719,71.77968622,73.08950883,70.10154053,16.66666667
Chhattisgarh,8,RAIPUR,2111738,721979,671279,33,1393291,0,3851,1397142,66.16076426,67.31544356,64.6137779,11.11111111
Chhattisgarh,9,MAHASAMUND,1637951,617513,602242,5,1219760,0,3007,1222767,74.65223319,75.89063621,73.06625125,22.72727273
Chhattisgarh,10,BASTAR,1379122,444689,465274,12,909975,0,3786,913761,66.25671986,67.03089648,65.01218435,29.26829268
Chhattisgarh,11,KANKER,1558952,577274,577547,8,1154829,0,5414,1160243,74.42454931,74.849141,73.32337994,25.80645161
Dadra & Nagar Haveli,1,Dadra And Nagar Haveli,250029,103446,95479,0,198925,0,59,198984,79.58436821,78.13319033,81.16960954,0
Daman & Diu,1,Daman & diu,121740,41600,45841,0,87441,0,32,87473,71.8523082,68.20007541,75.46713202,0
Goa,1,North Goa,556761,209594,218000,0,427594,1,1412,429006,77.05388847,76.96324312,76.64424764,0
Goa,2,South Goa,579352,199877,223780,0,423657,0,1061,424718,73.30914539,70.44644714,75.69776371,0
Gujarat,1,Kachchh,1744321,550098,465094,3,1015195,0,8957,1024152,58.71350514,60.49679919,55.69934659,25
Gujarat,2,Banaskantha,1697384,614524,482443,3,1096970,0,6769,1103739,65.02588689,68.98454672,59.81444792,75
Gujarat,3,Patan,1807043,610449,509917,7,1120373,0,8044,1128417,62.44549798,65.03810987,58.71778632,33.33333333
Gujarat,4,Mahesana,1648869,584781,492257,9,1077047,0,7630,1084677,65.78309132,68.42953331,61.97688663,25
Gujarat,5,Sabarkantha,1801717,645239,562915,14,1208168,0,12810,1220978,67.76746848,69.69769964,64.26733311,26.41509434
Gujarat,6,Gandhinagar,1945772,689408,586038,7,1275453,0,10373,1285826,66.08307654,68.64623899,62.24950448,14.89361702
Gujarat,7,Ahmedabad East,1811851,619676,489608,12,1109296,0,9768,1119064,61.76357769,64.81878384,57.21250194,17.91044776
Gujarat,8,Ahmedabad West,1643317,544767,446929,6,991702,0,7531,999233,60.80585791,63.95014685,56.47107135,24
Gujarat,9,Surendranagar,1849429,598970,470272,9,1069251,0,10948,1080199,58.40716243,61.66823505,53.55453367,27.27272727
Gujarat,10,Rajkot,1884339,658951,530759,2,1189712,0,6588,1196300,63.48645334,67.23077378,58.70007122,11.11111111
Gujarat,11,Porbandar,1662368,533165,410171,5,943341,0,7766,951107,57.21398631,61.61000801,51.4663682,41.66666667
Gujarat,12,Jamnagar,1657166,557825,446952,5,1004782,0,6667,1011449,61.03486313,65.0222229,55.92191611,20.83333333
Gujarat,13,Junagadh,1642864,542217,454800,8,997025,0,10227,1007252,61.3107354,63.8675526,57.28847164,50
Gujarat,14,Amreli,1628451,495865,411648,6,907519,0,3924,911443,55.96993708,58.74259002,52.48617235,28.57142857
Gujarat,15,Bhavnagar,1768297,567578,464533,9,1032120,0,12122,1044242,59.05354135,61.61818046,54.8353816,25.71428571
Gujarat,16,Anand,1655870,602173,503504,30,1105707,0,4377,1110084,67.03932072,70.45315743,62.85565909,27.77777778
Gujarat,17,Kheda,1804028,612434,481581,23,1094038,0,7135,1101173,61.03968453,65.78450433,55.16480218,31.94444444
Gujarat,18,Panchmahal,1744762,577870,498261,6,1076137,0,9581,1085718,62.22728372,64.30702495,58.88663288,40
Gujarat,19,Dahod,1598939,543050,514433,3,1057486,0,6905,1064391,66.56858079,67.55722864,64.7015543,18.75
Gujarat,20,Vadodara,1794896,647847,570017,42,1217906,0,5803,1223709,68.17715344,70.22023796,65.35618056,31.57894737
Gujarat,21,Chhota Udaipur,1671253,652896,573945,1,1226842,0,8213,1235055,73.89994214,75.70581114,70.95990505,9.090909091
Gujarat,22,Bharuch,1564519,606980,538517,13,1145510,0,5148,1150658,73.54707741,75.41501367,70.89247984,31.70731707
Gujarat,23,Bardoli,1826526,706293,637358,0,1343651,0,5994,1349645,73.89136536,75.55042824,71.48129913,0
Gujarat,24,Surat,1655704,593569,472777,13,1066359,0,2894,1069253,64.57996115,66.59280792,61.85719295,22.03389831
Gujarat,25,Navsari,1971658,713388,589682,11,1303081,0,6155,1309236,66.40279399,66.26385048,65.88669868,14.28571429
Gujarat,26,Valsad,1671030,647087,609749,2,1256838,0,4526,1261364,75.48422231,75.84386937,74.55666377,14.28571429
Haryana,1,Ambala,1853711,707597,605795,2,1313394,0,4528,1317922,71.09641147,71.4250962,70.1966519,6.666666667
Haryana,2,Kurukshetra,1657335,654657,572801,4,1227462,0,3703,1231165,74.28582634,74.15680318,73.9557067,26.66666667
Haryana,3,Sirsa,1803349,730867,636499,4,1367370,0,2946,1370316,75.9872881,76.20898199,75.38670539,57.14285714
Haryana,4,Hisar,1631817,638294,536805,1,1175100,0,6778,1181878,72.42711652,72.3343253,71.63245208,14.28571429
Haryana,5,Karnal,1904193,706599,591424,3,1298026,0,3448,1301474,68.34779878,69.32695072,66.83398971,5.882352941
Haryana,6,Sonipat,1592611,610957,512815,4,1123776,0,7370,1131146,71.0246256,70.52056148,70.61301263,16
Haryana,7,Rohtak,1737133,653164,556508,2,1209674,0,15320,1224994,70.51814685,69.65552103,69.61492803,11.11111111
Haryana,8,Bhiwani-Mahendragarh,1654317,608691,538446,3,1147140,0,18766,1165906,70.47657734,68.39616652,70.44467674,20
Haryana,9,Gurgaon,2150728,775280,666146,12,1441438,0,6663,1448101,67.33073638,67.68627958,66.26452452,27.90697674
Haryana,10,Faridabad,2071816,741280,583185,2,1324467,0,3660,1328127,64.10448611,64.86308646,62.78022803,4.255319149
Himachal Pradesh,1,Kangra,1427338,470334,520805,3,991142,0,18414,1009556,70.72998827,64.66103186,74.40772987,15
Himachal Pradesh,2,Mandi,1281462,461030,469659,2,930691,0,12457,943148,73.59937322,70.8409394,74.47091227,40
Himachal Pradesh,3,Hamirpur,1362269,458194,514168,3,972365,0,19722,992087,72.8260718,66.24335136,76.6752314,42.85714286
Himachal Pradesh,4,Shimla,1259085,475787,431773,8,907568,0,7581,915149,72.68365519,72.722729,71.38844156,53.33333333
Jammu & Kashmir,1,Baramulla,1317738,250078,202036,0,452114,0,3885,455999,34.60467862,36.68866322,31.76247162,0
Jammu & Kashmir,2,Srinagar,1294671,106916,79450,0,186366,0,497,186863,14.43324211,16.01514695,12.67040054,0
Jammu & Kashmir,3,Anantnag,1397779,71575,51274,0,122849,0,2616,125465,8.976025538,9.877918178,7.617047068,0
Jammu & Kashmir,4,Ladakh,179232,62035,61258,0,123293,0,4057,127350,71.05316015,66.67490676,71.07321035,0
Jammu & Kashmir,5,Udhampur,1685816,610575,558519,1,1169095,0,13585,1182680,70.15474998,68.115111,70.75359837,2.325581395
Jammu & Kashmir,6,Jammu,2047302,758278,697010,2,1455290,0,29097,1484387,72.50454501,70.0835426,72.20537109,8.695652174
Jharkhand,1,Rajmahal,1454436,528919,516393,0,1045312,0,2541,1047853,72.04531516,71.25321126,72.51508879,0
Jharkhand,2,Dumka,1397253,518137,505399,2,1023538,0,2443,1025981,73.42843422,72.06756982,74.51119439,28.57142857
Jharkhand,3,Godda,1716766,610174,578795,0,1188969,0,5374,1194343,69.56935307,67.27817214,71.47205552,0
Jharkhand,4,Chatra,1425218,463730,458631,0,922361,0,3595,925956,64.96942924,61.75170682,68.02040771,0
Jharkhand,5,Kodarma,1814125,594662,613587,5,1208254,0,1407,1209661,66.68013505,61.91029461,71.88335811,31.25
Jharkhand,6,Giridih,1649413,576909,526778,3,1103690,0,3466,1107156,67.12424359,65.59056166,68.42756806,15.78947368
Jharkhand,7,Dhanbad,2072634,681732,567412,7,1249151,0,4114,1253265,60.4672605,60.55738247,59.92704137,20.58823529
Jharkhand,8,Ranchi,1915959,641669,589258,5,1230932,0,4682,1235614,64.49062845,63.96821473,64.55499562,9.433962264
Jharkhand,9,Jamshedpur,1703279,590506,552796,15,1143317,0,1110,1144427,67.18963834,67.64736207,66.5774625,26.78571429
Jharkhand,10,Singhbhum,1269917,441917,436562,1,878480,0,1036,879516,69.25775464,69.40545108,68.946228,14.28571429
Jharkhand,11,Khunti,1202664,410870,419556,0,830426,0,2408,832834,69.24910033,68.02123066,70.08602977,0
Jharkhand,12,Lohardaga,1234286,404489,409371,0,813860,0,4507,818367,66.3028666,63.94122622,68.0375413,0
Jharkhand,13,Palamau,1881441,626122,579847,0,1205969,0,4457,1210426,64.33504957,61.63176193,66.99305515,0
Jharkhand,14,Hazaribagh,1667465,552495,526659,1,1079155,0,2227,1081382,64.85185596,62.26944599,67.50411439,8.333333333
Karnataka,1,Chikkodi,1612556,632366,579970,9,1212345,0,7138,1219483,75.62422638,76.64754415,73.64997689,15.78947368
Karnataka,2,Belgaum,1779350,625609,573504,4,1199117,0,8025,1207142,67.84173996,69.69183862,65.05145097,7.272727273
Karnataka,3,Bagalkot,1704010,619749,580993,14,1200756,0,3946,1204702,70.69805928,72.58909528,68.34078112,15.2173913
Karnataka,4,Bijapur,1797587,588408,520348,25,1108781,0,3712,1112493,61.88813114,63.75704173,59.50731165,9.293680297
Karnataka,5,Gulbarga,1945765,610885,574754,6,1185645,0,4826,1190471,61.18267108,62.29909603,59.56888904,1.759530792
Karnataka,6,Raichur,1928204,575578,546569,5,1122152,0,2810,1124962,58.34247829,60.21080865,56.23722218,1.36239782
Karnataka,7,Bidar,1775095,577170,536980,2,1114152,0,4103,1118255,62.99691002,62.75305845,62.78676027,1.941747573
Karnataka,8,Koppal,1736693,606297,581406,7,1187710,0,2917,1190627,68.55713704,70.25246053,66.55638919,6.194690265
Karnataka,9,Bellary,1751734,621814,597246,17,1219077,0,2908,1221985,69.75859349,71.36435053,67.8550613,7.327586207
Karnataka,10,Haveri,1708510,661429,601867,0,1263296,0,4592,1267888,74.21015973,75.77999331,72.0280373,0
Karnataka,11,Dharwad,1727311,640913,569597,8,1210518,0,3620,1214138,70.29064251,73.04717596,67.02647301,7.547169811
Karnataka,12,Uttara Kannada,1556599,591099,559157,5,1150261,0,4129,1154390,74.16103955,74.77514288,72.98985086,22.72727273
Karnataka,13,Davanagere,1633064,617489,574795,9,1192293,0,2932,1195225,73.18910955,75.01217831,70.9842544,6.976744186
Karnataka,14,Shimoga,1676668,641691,640582,6,1282279,0,1788,1284067,76.58445202,77.1380968,75.83140474,12
Karnataka,15,Udupi Chikmagalur,1513806,563341,585785,5,1149131,11,2492,1151623,76.07467535,76.22347155,75.61570028,9.259259259
Karnataka,16,Hassan,1652999,644500,629935,3,1274438,0,4215,1278653,77.35352532,77.29282046,76.90462354,6.666666667
Karnataka,17,Dakshina Kannada,1724976,653563,689629,21,1343213,5,2134,1345347,77.99221554,77.27285625,78.44823271,20.58823529
Karnataka,18,Chitradurga,1760633,639390,603639,6,1243035,0,3471,1246506,70.79874113,71.86272813,69.32068737,5.825242718
Karnataka,19,Tumkur,1608545,630450,611065,13,1241528,0,3941,1245469,77.428297,78.45984976,75.91878672,10.83333333
Karnataka,20,Mandya,1712004,695384,680954,28,1376366,0,3256,1379622,80.58520891,81.27898713,79.52236645,19.04761905
Karnataka,21,Mysore,1896333,664932,647532,14,1312478,0,5625,1318103,69.50799253,70.25485574,68.18092797,9.333333333
Karnataka,22,Chamarajanagar,1686333,646902,620802,11,1267715,0,3010,1270725,75.35433393,76.73352707,73.6272325,9.649122807
Karnataka,23,Bangalore Rural,2497458,831105,789254,39,1620398,0,2426,1622824,64.97903068,64.53560424,65.26573791,11.43695015
Karnataka,24,Bangalore North,2849250,805444,750147,103,1555694,0,4630,1560324,54.76262174,54.34892479,54.88477553,20.76612903
Karnataka,25,Bangalore central,2204817,621875,572763,67,1194705,0,2982,1197687,54.32137905,54.25664363,54.12375372,16.87657431
Karnataka,26,Bangalore South,2215489,616311,568793,33,1185137,0,4520,1189657,53.69726503,53.42779618,53.57859091,9.593023256
Karnataka,27,Chikkballapur,1808780,706576,678457,36,1385069,0,2918,1387987,76.73608731,77.57444809,75.57674784,15.12605042
Karnataka,28,Kolar,1629961,642572,613779,20,1256371,0,2722,1259093,77.24681756,78.58938985,75.57263187,12.65822785
Kerala,1,Kasaragod,1363937,507542,588600,1,1096143,204,3956,1100099,80.65614468,76.96397323,83.55086936,50
Kerala,2,Kannur,1266550,484899,563025,1,1047925,186,6821,1054746,83.27709131,80.60558206,84.66859656,20
Kerala,3,Vadakara,1288926,485642,575195,1,1060838,21477,5094,1065932,82.69923952,78.37789857,85.94081507,5.555555556
Kerala,4,Wayanad,1359679,529074,560841,0,1089915,57,2844,1092759,80.36889589,78.403751,81.89002016,0
Kerala,5,Kozhikode,1318024,513589,557937,7,1071533,2693,5349,1076882,81.70427853,80.03643481,82.4966177,46.66666667
Kerala,6,Malappuram,1370544,496309,536688,0,1032997,63,1802,1034799,75.50279305,71.8148735,78.98905873,0
Kerala,7,Ponnani,1356803,466412,549928,1,1016341,104,1025,1017366,74.98258774,69.290239,80.4377557,16.66666667
Kerala,8,Palakkad,1323010,494469,531513,1,1025983,12,2891,1028874,77.76766616,76.39807981,78.65201294,20
Kerala,9,Alathur ,1266794,493240,522650,2,1015892,22,3484,1019376,80.46896338,79.44656074,80.91246159,50
Kerala,10,Thrissur,1337110,488619,551694,5,1040318,45,1804,1042122,77.93838951,75.92167599,79.5509798,29.41176471
Kerala,11,Chalakudy,1230197,482031,506846,6,988883,0,1550,990433,80.51011342,80.35658023,80.41039212,75
Kerala,12,Ernakulam,1245972,480105,485690,6,965801,0,1589,967390,77.64139162,78.99465093,76.10429496,46.15384615
Kerala,13,Idukki,1204191,466078,451489,1,917568,5,1991,919559,76.36321813,77.81727355,74.59557967,33.33333333
Kerala,14,Kottayam,1206698,456630,451086,3,907719,15,2929,910648,75.46610668,77.19838648,73.32490231,37.5
Kerala,15,Alappuzha,1356701,520042,562480,0,1082522,196,7590,1090112,80.35020244,79.13849488,80.40413628,0
Kerala,16,Mavelikkara ,1308102,450140,514148,1,964289,421,8071,972360,74.33365288,72.24398676,75.05612991,100
Kerala,17,Pathanamthitta,1382741,490914,531776,3,1022693,13,4685,1027378,74.30010392,73.74447195,74.16246189,100
Kerala,18,Kollam,1296720,445672,515612,4,961288,0,7729,969017,74.72831452,71.75689035,76.31618677,50
Kerala,19,Attingal,1350710,458921,540333,4,999258,10,6790,1006048,74.48290159,72.47028838,75.31382328,28.57142857
Kerala,20,Thiruvananthapuram,1371427,490244,513476,15,1003735,11,7533,1011268,73.73837616,73.75828051,72.65518656,44.11764706
Lakshadweep,1,Lakshadweep,55189,23328,23549,0,46877,0,149,47026,85.20900904,83.15688162,86.78139741,0
Madhya Pradesh,1,MORENA,1837723,646523,486232,13,1132768,0,5966,1138734,61.96439833,64.71397242,57.98049875,20.63492063
Madhya Pradesh,2,BHIND,1765334,561487,393454,18,954959,0,7758,962717,54.53455267,57.98766275,49.36743326,32.14285714
Madhya Pradesh,3,GWALIOR,2000744,621943,570556,27,1192526,0,4362,1196888,59.82214616,57.60235543,61.95231063,40.90909091
Madhya Pradesh,4,GUNA,1675724,658166,514437,24,1172627,0,6080,1178707,70.34016342,74.02101532,65.40681153,54.54545455
Madhya Pradesh,5,SAGAR,1583129,594998,440864,12,1035874,0,1662,1037536,65.5370472,70.72624808,59.42981008,32.43243243
Madhya Pradesh,6,TIKAMGARH,1647399,607602,487321,12,1094935,0,2519,1097454,66.61737685,69.40294927,63.13265967,41.37931034
Madhya Pradesh,7,DAMOH,1768777,655175,508615,11,1163801,0,604,1164405,65.83107989,70.16291654,60.91474822,45.83333333
Madhya Pradesh,8,KHAJURAHO,1842095,681995,574761,14,1256770,0,1546,1258316,68.30896344,70.26095646,65.95925122,29.78723404
Madhya Pradesh,9,SATNA,1575064,586320,525591,5,1111916,0,1839,1113755,70.71172981,70.43762824,70.7737987,15.15151515
Madhya Pradesh,10,REWA,1679534,534294,475310,3,1009607,0,5025,1014632,60.41151891,59.67451725,60.61266858,27.27272727
Madhya Pradesh,11,SIDHI,1845547,671661,609283,2,1280946,0,1759,1282705,69.50270028,69.4884743,69.31957294,10
Madhya Pradesh,12,SHAHDOL,1656474,640890,593874,9,1234773,0,3713,1238486,74.7664014,75.52606273,73.51008379,36
Madhya Pradesh,13,JABALPUR,1819893,673476,589120,15,1262611,0,1449,1264060,69.45792967,71.50572969,67.1007776,18.51851852
Madhya Pradesh,14,MANDLA,1951267,770677,743270,12,1513959,0,3972,1517931,77.79207049,78.37379937,76.7914686,48
Madhya Pradesh,15,BALAGHAT,1767725,683773,683107,5,1366885,0,5845,1372730,77.65517827,77.2139763,77.43572595,55.55555556
Madhya Pradesh,16,CHHINDWARA,1514783,643874,602327,9,1246210,0,2268,1248478,82.41959409,83.20150722,81.29754404,50
Madhya Pradesh,17,HOSHANGABAD,1706141,699824,564814,41,1264679,0,1625,1266304,74.22036045,77.92541553,69.90194416,65.07936508
Madhya Pradesh,18,VIDISHA,1741604,695861,550527,21,1246409,0,4604,1251013,71.83108215,75.67136409,66.9760431,46.66666667
Madhya Pradesh,19,BHOPAL,2142861,761678,644492,66,1406236,0,2433,1408669,65.73776834,67.90062705,63.12830338,36.06557377
Madhya Pradesh,20,RAJGARH,1694329,701961,556087,12,1258060,0,2870,1260930,74.42061135,79.67377339,68.37760172,46.15384615
Madhya Pradesh,21,DEWAS,1760503,760239,636493,12,1396744,0,2952,1399696,79.50545952,83.15784523,75.21255313,37.5
Madhya Pradesh,22,UJJAIN,1661229,671867,578580,18,1250465,0,2598,1253063,75.42987752,78.96792468,71.39904263,25
Madhya Pradesh,23,MANDSOUR,1760875,729015,639206,15,1368236,0,3299,1371535,77.88940158,80.84446909,74.40423048,57.69230769
Madhya Pradesh,24,RATLAM,1851112,721186,676258,11,1397455,0,3880,1401335,75.7023346,77.58642577,73.3821131,37.93103448
Madhya Pradesh,25,DHAR,1786151,705191,637344,10,1342545,0,1629,1344174,75.25533955,77.53023685,72.711923,20.40816327
Madhya Pradesh,26,INDORE,2350580,876605,750081,50,1626736,0,2859,1629595,69.3273575,72.54153778,65.68238379,27.77777778
Madhya Pradesh,27,KHARGONE,1834385,741129,684159,10,1425298,0,2704,1428002,77.84636268,79.76479401,75.57905621,52.63157895
Madhya Pradesh,28,KHANDWA,1909055,774542,691781,18,1466341,0,1815,1468156,76.90485607,78.78663965,74.71524695,23.37662338
Madhya Pradesh,29,BETUL,1737437,709766,646805,9,1356580,0,1756,1358336,78.18044626,79.07921447,77.01242215,32.14285714
Maharashtra,1,Nandurbar ,1871099,663475,614513,3,1277991,0,6555,1284546,68.65195268,70.23024958,66.33609071,13.63636364
Maharashtra,2,Dhule,1908173,590252,489597,7,1079856,0,8722,1088578,57.04818169,59.19206242,53.74452096,33.33333333
Maharashtra,3,Jalgaon,1931400,584596,495967,13,1080576,0,11711,1092287,56.55415761,57.60735676,54.11285026,20.3125
Maharashtra,4,Raver,1775051,583456,505236,1,1088693,0,7818,1096511,61.77349271,63.03918232,59.47612472,3.448275862
Maharashtra,5,Buldhana,1762918,601170,516898,1,1118069,0,3082,1121151,63.59632155,64.9530817,61.72918826,11.11111111
Maharashtra,6,Akola,1865169,607024,509871,7,1116902,0,3283,1120185,60.05809661,62.72872604,56.81495035,14.58333333
Maharashtra,7,Amravati ,1833091,602099,502841,7,1104947,0,8906,1113853,60.76365003,63.65322099,56.68055761,18.91891892
Maharashtra,8,Wardha,1743283,573147,494005,6,1067158,0,5499,1072657,61.53085873,64.0736356,58.20369201,33.33333333
Maharashtra,9,Ramtek ,1922764,638891,553537,1,1192429,0,5376,1197805,62.2959968,64.00988666,59.86649636,3.125
Maharashtra,10,Nagpur ,2161096,620371,561330,14,1181715,0,5500,1187215,54.93578258,56.54711067,52.75995082,18.18181818
Maharashtra,11,Bhandara - gondiya,1811556,627085,608475,0,1235560,0,10983,1246543,68.81062468,69.0550758,67.34941226,0
Maharashtra,12,Gadchiroli-Chimur,1581366,580321,557036,1,1137358,0,6376,1143734,72.32569816,72.45019619,71.38101157,33.33333333
Maharashtra,13,Chandrapur,1910188,652103,581678,5,1233786,0,5700,1239486,64.88816808,66.00900901,63.07072928,20
Maharashtra,14,Yavatmal-Washim,1916185,622515,547460,2,1169977,0,4847,1174824,61.31057283,62.55998328,59.43649005,6.25
Maharashtra,15,Hingoli ,1733729,617418,534776,1,1152195,0,6572,1158767,66.83668555,68.11835965,64.63909027,7.692307692
Maharashtra,16,Nanded,1719322,594854,524389,12,1119255,0,10207,1129462,65.69229033,66.64418507,63.43336031,19.04761905
Maharashtra,17,Parbhani,1985228,676532,574979,0,1251511,0,1581,1253092,63.1208103,65.41420267,60.46109843,0
Maharashtra,18,Jalna,1867220,657947,545873,1,1203821,0,5275,1209096,64.75380512,66.41555259,62.27445925,12.5
Maharashtra,19,Aurangabad,1886284,659019,537423,7,1196449,0,2278,1198727,63.54965636,66.30169925,60.22970136,28
Maharashtra,20,Dindori ,1732936,628124,506627,3,1134754,0,3948,1138702,65.70940877,69.38335018,61.21418992,27.27272727
Maharashtra,21,Nashik,1885064,615905,502643,5,1118553,0,3539,1122092,59.52540603,62.09934201,56.27169762,33.33333333
Maharashtra,22,Palghar ,1885600,641041,560121,24,1201186,0,1011,1202197,63.75673526,64.79776002,62.4999721,21.62162162
Maharashtra,23,Bhiwandi,1890100,569800,432947,16,1002763,0,2842,1005605,53.20379874,54.94622059,50.75752869,13.91304348
Maharashtra,24,Kalyan,1965676,507052,380831,72,887955,0,2737,890692,45.31224881,47.7510345,42.14891034,26.37362637
Maharashtra,25,Thane,2370903,647401,519722,15,1167138,0,3832,1170970,49.38919897,50.02113185,48.27509976,23.4375
Maharashtra,26,Mumbai North,1647350,542095,445794,167,988056,0,1906,989962,60.09421192,60.89846567,58.90076844,50.30120482
Maharashtra,27,Mumbai North West,1732263,521862,418265,4,940131,2,1700,941831,54.36997731,54.90642922,53.50107702,22.22222222
Maharashtra,28,Mumbai North East,1588693,503965,403222,41,907228,2,1953,909181,57.2282373,58.26218649,55.72759098,29.49640288
Maharashtra,29,Mumbai North central,1679891,495920,404526,5,900451,0,1346,901797,53.68187579,54.09302665,53.01240502,22.72727273
Maharashtra,30,Mumbai South central,1440380,432252,363195,31,795478,0,2425,797903,55.39531235,55.56345388,54.83463326,34.06593407
Maharashtra,31,Mumbai   South,1554176,438484,361012,5,799501,0,2298,801799,51.58997437,51.32255501,51.58906177,21.73913043
Maharashtra,32,Raigad,1652965,505067,515102,0,1020169,0,7414,1027583,62.16604707,62.29888148,61.15814145,0
Maharashtra,33,Maval,2298080,743584,621926,5,1365515,0,3941,1369456,59.59131101,61.78060931,56.82528167,12.82051282
Maharashtra,34,Pune,2075824,550415,483397,12,1033824,0,1830,1035654,49.89122392,51.52371814,47.98132747,15
Maharashtra,35,Baramati,2114663,711804,587435,3,1299242,0,8076,1307318,61.8215763,63.99060733,58.61027884,9.090909091
Maharashtra,36,Shirur,2175529,717962,572428,5,1290395,0,2760,1293155,59.44094517,62.60814211,55.64414375,11.36363636
Maharashtra,37,Ahmadnagar ,1861396,652845,539052,8,1191905,0,14185,1206090,64.79491736,66.77464293,61.00468072,9.090909091
Maharashtra,38,Shirdi,1587079,559147,463259,33,1022439,0,8063,1030502,64.93073124,67.84331949,60.72883676,45.20547945
Maharashtra,39,Beed,2045405,732331,616806,1,1349138,0,4304,1353442,66.16987834,67.58913673,64.12391348,25
Maharashtra,40,Osmanabad,1889740,640975,553782,11,1194768,0,10064,1204832,63.7564956,63.81969288,62.54865242,44
Maharashtra,41,Latur ,1886657,625060,545401,3,1170464,0,7625,1178089,62.4431998,62.81820649,61.1698059,33.33333333
Maharashtra,42,Solapur ,1851654,586352,494896,6,1081254,0,5090,1086344,58.66884418,60.76199122,55.8195353,10.71428571
Maharashtra,43,Madha,1909574,657100,553629,3,1210732,0,7091,1217823,63.77459056,65.46157333,61.12267283,25
Maharashtra,44,Sangli,1809109,625663,553143,17,1178823,0,13748,1192571,65.92035085,66.90237685,63.29968141,23.28767123
Maharashtra,45,Satara,1848489,578908,530348,4,1109260,0,8497,1117757,60.4686855,61.24830985,58.71292719,23.52941176
Maharashtra,46,Ratnagiri - sindhudurg,1455577,447687,449668,0,897355,0,5000,902355,61.99294163,62.78638266,60.55865531,0
Maharashtra,47,Kolhapur,1880496,693774,631630,4,1325408,0,7096,1332504,70.85917758,72.027882,68.85939331,21.05263158
Maharashtra,48,Hatkanangle,1776555,659957,586281,18,1246256,1,8057,1254313,70.60366834,71.86764602,68.31575182,26.86567164
Manipur,1,Inner manipur,937464,353996,400564,13,754573,0,5883,760456,81.11842161,77.5771123,83.25708715,40.625
Manipur,2,Outer manipur,1022099,414050,437781,4,851835,0,8160,859995,84.14008819,81.70679486,84.95076019,30.76923077
Meghalaya,1,Shillong,1197806,361013,421560,0,782573,0,1706,784279,65.47629583,61.59664353,68.91455811,0
Meghalaya,2,Tura ,716990,290477,292024,0,582501,0,979,583480,81.37909873,79.90454708,82.61868387,0
Mizoram,1,MIZORAM,792464,244562,252218,0,496780,0,3567,500347,63.13813624,62.99231663,62.39652861,0
Nagaland,1,Nagaland,1213777,507247,494895,0,1002142,0,5295,1007437,83.00017219,82.44245653,82.68880858,0
NCT OF Delhi,1,CHANDNI CHOWK                 ,1562283,540841,438037,43,978921,0,1893,980814,62.780815,63.72761808,61.39486317,32.57575758
NCT OF Delhi,2,NORTH EAST DELHI              ,2290492,807473,650546,27,1458046,0,4721,1462767,63.86256752,64.4389593,62.71386761,31.39534884
NCT OF Delhi,3,EAST DELHI                    ,2039302,694305,561981,28,1256314,0,1881,1258195,61.69733566,61.45668012,61.79173502,35.44303797
NCT OF Delhi,4,NEW DELHI                     ,1617470,506403,412647,6,919056,0,1511,920567,56.91400768,56.49971605,57.22045114,25
NCT OF Delhi,5,NORTH WEST DELHI              ,2378995,775650,626168,24,1401842,0,1144,1402986,58.97389444,59.40054955,58.35452699,15.18987342
NCT OF Delhi,6,WEST DELHI                    ,2371644,780000,657076,11,1437087,0,5405,1442492,60.82245059,60.92883668,60.20476415,18.33333333
NCT OF Delhi,7,SOUTH DELHI                   ,2067463,683436,529057,18,1212511,0,2034,1214545,58.74567042,58.47045447,58.88382105,13.84615385
Odisha,1,Bargarh,1596290,641109,601959,28,1243096,0,7982,1251078,78.37410496,78.35315254,77.38177265,18.42105263
Odisha,2,Sundargarh ,1531525,546203,551465,4,1097672,0,3377,1101049,71.89232954,71.25378314,72.10200826,3.2
Odisha,3,Sambalpur,1468530,564201,556953,10,1121164,0,5498,1126662,76.72039386,75.896715,76.81633554,9.523809524
Odisha,4,Keonjhar ,1516688,585675,587849,2,1173526,0,2953,1176479,77.56895288,76.88021297,77.88648177,1.481481481
Odisha,5,Mayurbhanj ,1493205,561844,583667,1,1145512,0,6181,1151693,77.12892737,75.47852161,77.94812691,2.5
Odisha,6,Balasore,1531781,577810,576608,3,1154421,0,4934,1159355,75.68673329,73.64642933,77.17618841,3.947368421
Odisha,7,Bhadrak ,1661661,599696,620167,12,1219875,0,8171,1228046,73.90472545,69.55973048,77.57847702,9.677419355
Odisha,8,Jajpur ,1475007,556801,529026,21,1085848,0,7117,1092965,74.09897038,72.33511573,75.01839917,35
Odisha,9,Dhenkanal,1504403,582956,543693,1,1126650,0,6563,1133213,75.32642517,74.12593459,75.739293,0.869565217
Odisha,10,Bolangir,1744446,667757,636288,5,1304050,0,2694,1306744,74.90882492,74.06634678,75.50085671,4.032258065
Odisha,11,Kalahandi,1611056,608823,614080,3,1222906,0,8023,1230929,76.40510324,74.73485351,77.1171488,2.564102564
Odisha,12,Nabarangpur ,1461004,567769,589399,29,1157197,0,4590,1161787,79.5197686,79.22022835,79.19943133,26.12612613
Odisha,13,Kandhamal,1288666,471069,468424,5,939498,0,2543,942041,73.10202954,72.52593462,73.29844898,5.952380952
Odisha,14,Cuttack,1518996,555577,501846,21,1057444,0,3015,1060459,69.8131529,69.79794693,69.42851925,10.88082902
Odisha,15,Kendrapara ,1710916,625161,609709,3,1234873,0,3575,1238448,72.38508495,69.78910141,74.8102777,2.43902439
Odisha,16,Jagatsinghpur ,1643595,634022,591593,0,1225615,0,4212,1229827,74.82542841,73.78397407,75.44597311,0
Odisha,17,Puri,1562331,584072,548714,17,1132803,0,3321,1136124,72.71980137,71.59368239,73.51207821,19.1011236
Odisha,18,Bhubaneswar,1699678,534680,468962,62,1003704,0,1920,1005624,59.16555959,58.83634587,59.33268724,11.78707224
Odisha,19,Aska,1541145,502075,509462,4,1011541,0,2349,1013890,65.78809911,61.39817741,70.43685166,3.333333333
Odisha,20,Berhampur,1502455,486468,500690,5,987163,0,2924,990087,65.89794703,63.91769645,67.54306682,6.25
Odisha,21,Koraput ,1434384,517114,559207,51,1076372,0,4297,1080669,75.34028545,75.4277796,74.70466511,20.23809524
Puducherry,1,Puducherry,973410,371347,418834,71,790252,0,643,790895,81.24993579,80.81492395,81.51518749,73.95833333
Punjab,1,Gurdaspur,1595284,560368,533051,9,1093428,14,11118,1104546,69.23820461,65.94418901,71.50449577,20.45454545
Punjab,2,Amritsar,1507875,466526,390128,4,856658,1,3924,860582,57.07250269,58.19651988,55.24499489,6.896551724
Punjab,3,Khadoor Sahib,1638842,542159,498469,8,1040636,1,7514,1048150,63.95674507,62.46834291,64.66275336,10.95890411
Punjab,4,Jalandhar,1617018,519020,499182,7,1018209,1,1194,1019403,63.04215537,61.52456502,64.54383243,35
Punjab,5,Hoshiarpur,1597500,485078,496757,7,981842,0,9823,991665,62.07605634,58.3008924,64.89780455,23.33333333
Punjab,6,Anandpur Sahib,1698876,553140,524356,25,1077521,12,4503,1082024,63.6905813,62.18507801,64.78905957,59.52380952
Punjab,7,Ludhiana,1683325,576920,467949,19,1044888,0,2137,1047025,62.19981287,63.84513913,60.02193348,26.76056338
Punjab,8,Fatehgarh Sahib,1502861,534375,449101,10,983486,1,3675,987161,65.68544929,66.819343,63.87450416,32.25806452
Punjab,9,Faridkot,1541971,524952,446044,13,971009,2,4233,975242,63.24645535,64.15592415,61.63467783,35.13513514
Punjab,10,Firozpur,1618419,625836,540872,9,1166717,0,6084,1172801,72.46584475,72.52243744,71.59799266,25.71428571
Punjab,11,Bathinda,1621671,639646,556155,9,1195810,1,6783,1202593,74.15764357,74.25767977,73.15287847,45
Punjab,12,Sangrur,1529431,595750,506594,9,1102353,0,4903,1107256,72.39659717,73.11116702,70.89682892,36
Punjab,13,Patiala,1739600,632621,542886,21,1175528,0,3319,1178847,67.76540584,69.16861559,65.81082506,28.37837838
Rajasthan,1,Ganganagar,1943486,763551,680832,11,1444394,0,8691,1453085,74.76693941,75.01974848,73.55090038,44
Rajasthan,2,Bikaner (SC),1851628,613781,481912,5,1095698,0,4802,1100500,59.4341844,62.75096563,55.17086629,31.25
Rajasthan,3,Churu,2019104,687931,632219,1,1320151,0,10521,1330672,65.90408419,64.78705711,66.0443033,20
Rajasthan,4,Jhunjhunu,1937882,601852,578034,1,1179887,0,23815,1203702,62.1143083,58.82113781,63.19445583,100
Rajasthan,5,Sikar,2041612,667944,643401,4,1311349,0,19312,1330661,65.1769778,62.01370172,66.70706685,100
Rajasthan,6,Jaipur Rural,1952542,675930,587365,1,1263296,0,16371,1279667,65.53851338,65.54510863,63.75441906,20
Rajasthan,7,Jaipur,2127021,784372,663540,12,1447924,0,8582,1456506,68.4763338,70.06593257,65.85880763,48
Rajasthan,8,Alwar,1888524,673164,579086,3,1252253,0,16224,1268477,67.16763991,67.14933246,65.35767573,30
Rajasthan,9,BHARATPUR,1943794,620165,517998,5,1138168,0,10803,1148971,59.10971019,59.5525147,57.40175176,45.45454545
Rajasthan,10,KARAULI-DHOLPUR,1810574,554132,440287,2,994421,0,4709,999130,55.18305245,56.76081528,52.77309655,14.28571429
Rajasthan,11,Dausa,1730289,573319,483328,0,1056647,0,7431,1064078,61.49712562,62.59904636,59.3457003,0
Rajasthan,12,TONK-SAWAI MADHOPUR,1945992,663862,564693,0,1228555,0,5912,1234467,63.43638617,64.81824661,61.25975129,0
Rajasthan,13,Ajmer,1876346,652041,604830,7,1256878,0,6368,1263246,67.32478978,68.0876103,65.83656622,58.33333333
Rajasthan,14,Nagaur,1933169,618537,577497,2,1196036,0,8737,1204773,62.32114212,61.30787598,62.48222899,25
Rajasthan,15,Pali,2161663,686790,658426,9,1345225,0,16290,1361515,62.98460953,60.89616556,63.68741778,50
Rajasthan,16,Jodhpur,1956755,711438,623545,2,1334985,5,12948,1347933,68.88614057,69.31789727,67.01873595,20
Rajasthan,17,Barmer,1941231,746375,671560,6,1417941,0,4934,1422875,73.29756222,72.23174936,73.96752108,46.15384615
Rajasthan,18,Jalore,2071244,699922,660874,3,1360799,0,828,1361627,65.73957486,64.2409635,67.31900113,23.07692308
Rajasthan,19,Udaipur,2069559,722674,725529,0,1448203,0,7214,1455417,70.32498228,68.85895079,71.12617996,0
Rajasthan,20,Banswara,1975368,704324,733142,4,1437470,0,2639,1440109,72.90332738,70.64971853,74.92991373,57.14285714
Rajasthan,21,Chittorgarh,2015911,755697,698787,5,1454489,0,4777,1459266,72.38742187,74.24239447,70.01726417,41.66666667
Rajasthan,22,Rajsamand,1912911,620927,613083,7,1234017,0,6831,1240848,64.86700113,63.1027863,66.00075573,46.66666667
Rajasthan,23,Bhilwara,1997328,666299,641037,1,1307337,0,3674,1311011,65.63824269,65.57570497,65.3288112,20
Rajasthan,24,Kota,1948010,722450,637676,6,1360132,0,7796,1367928,70.22181611,71.77330583,67.73540453,37.5
Rajasthan,25,JHALAWAR-BARAN,1903870,732783,636485,8,1369276,0,741,1370017,71.95958758,75.02933461,68.6465155,50
Sikkim,1,Sikkim,434128,173235,166645,0,339880,0,13535,353415,81.40801791,77.99513754,78.59945854,0
Tamil Nadu,1,Thiruvallur ,1946870,711490,691821,38,1403349,0,4916,1408265,72.33482462,73.92695312,70.29979646,10.98265896
Tamil Nadu,2,Chennai North,1487681,477845,474835,90,952770,0,3161,955931,64.25645014,65.5587126,62.61472366,19.73684211
Tamil Nadu,3,Chennai South,1973533,567542,555856,12,1123410,0,2931,1126341,57.0723165,57.9326663,55.95005868,3.084832905
Tamil Nadu,4,Chennai central,1332300,399357,383273,56,782686,0,3071,785757,58.97748255,60.45395302,57.08997854,15.81920904
Tamil Nadu,5,Sriperumbudur,2253448,717038,686116,24,1403178,0,3975,1407153,62.4444407,63.84584494,60.71656441,7.058823529
Tamil Nadu,6,Kancheepuram ,1643992,623089,609297,31,1232417,0,5741,1238158,75.31411345,77.28178147,72.74640833,17.91907514
Tamil Nadu,7,Arakkonam,1500016,580530,589120,27,1169677,0,10035,1179712,78.64662777,78.84561319,77.14528907,34.17721519
Tamil Nadu,9,Krishnagiri,1530404,588058,569700,35,1157793,0,4480,1162273,75.94550197,75.71861207,75.60395577,14.83050847
Tamil Nadu,10,Dharmapuri,1485804,617619,594650,42,1212311,0,12154,1224465,82.41093711,81.57833908,81.61688309,32.30769231
Tamil Nadu,11,Tiruvannamalai,1473862,565142,579380,27,1144549,0,7242,1151791,78.14781845,77.33873793,77.97332343,35.06493506
Tamil Nadu,12,Arani,1449150,566134,571075,16,1137225,0,7692,1144917,79.00610703,78.87675985,78.08750395,20.51282051
Tamil Nadu,13,Viluppuram,1444335,564557,566199,43,1130799,0,5299,1136098,78.65889839,78.2310889,78.366969,23.24324324
Tamil Nadu,14,Kallakurichi,1528938,580683,617701,39,1198423,0,6512,1204935,78.80862403,76.57977612,80.17020404,21.7877095
Tamil Nadu,15,Salem,1612512,639561,610150,44,1249755,0,6575,1256330,77.91135818,78.93135047,76.0646116,48.88888889
Tamil Nadu,16,Namakkal,1413599,555962,573885,43,1129890,0,4094,1133984,80.21963796,79.92599152,79.94029743,38.73873874
Tamil Nadu,17,Erode,1462246,529075,532968,30,1062073,0,6930,1069003,73.10691908,73.91638434,71.40830181,28.84615385
Tamil Nadu,18,Tiruppur,1530014,566137,549529,27,1115693,0,4400,1120093,73.20802293,74.18831935,71.66803605,19.85294118
Tamil Nadu,19,Nilgiris ,1366060,499957,507807,10,1007774,0,3275,1011049,74.01204925,75.09432659,72.52116838,14.49275362
Tamil Nadu,20,Coimbatore,1958904,634627,610981,36,1245644,0,5285,1250929,63.85861686,64.86011109,62.32998992,16.90140845
Tamil Nadu,21,Pollachi,1520504,536887,540497,36,1077420,0,4468,1081888,71.15324919,71.98613607,69.78558084,20.80924855
Tamil Nadu,22,Dindigul,1541881,568983,586609,15,1155607,0,5324,1160931,75.29316465,75.37576405,74.55052417,9.493670886
Tamil Nadu,23,Karur,1387286,532989,564924,34,1097947,0,5698,1103645,79.55425197,78.49443679,79.76854127,50.74626866
Tamil Nadu,24,Tiruchirappalli,1508963,513314,527326,71,1040711,0,8068,1048779,69.50329465,69.38147688,68.57544878,47.97297297
Tamil Nadu,25,Perambalur,1391853,524468,570254,32,1094754,0,8406,1103160,79.25836996,77.20962551,80.03643545,39.02439024
Tamil Nadu,26,Cuddalore ,1364038,505581,533135,25,1038741,0,4639,1043380,76.49200389,75.00823401,77.27568548,27.47252747
Tamil Nadu,27,Chidambaram ,1480222,553860,595522,3,1149385,0,4872,1154257,77.97864104,75.07349981,80.21513835,5.084745763
Tamil Nadu,28,Mayiladuthurai,1484842,529933,562966,18,1092917,0,4863,1097780,73.93244534,72.07629084,75.10689704,36
Tamil Nadu,29,Nagapattinam ,1303649,476344,521489,10,997843,0,5077,1002920,76.9317508,74.03094932,78.99313813,25
Tamil Nadu,30,Thanjavur,1461052,495980,556575,15,1052570,0,7482,1060052,72.55402272,69.68693008,74.28636638,15.46391753
Tamil Nadu,31,Sivaganga,1552019,495947,585207,13,1081167,0,3739,1084906,69.90288134,64.62565887,74.59256276,19.6969697
Tamil Nadu,32,Madurai,1539026,500312,511142,46,1011500,0,5622,1017122,66.08868206,65.93802264,65.51683033,47.91666667
Tamil Nadu,33,Theni ,1561040,571213,596677,29,1167919,0,7089,1175008,75.27084508,73.65814219,75.9744832,15.84699454
Tamil Nadu,34,Virudhunagar,1484256,520544,544786,12,1065342,0,10584,1075926,72.48924714,71.5326762,72.02115213,9.230769231
Tamil Nadu,35,Ramanathapuram,1559740,491515,569601,8,1061124,0,5799,1066923,68.40390065,63.21199744,72.83043427,9.756097561
Tamil Nadu,36,Thoothukkudi,1427783,478152,507621,36,985809,0,6158,991967,69.47603382,68.0434201,70.02142214,31.03448276
Tamil Nadu,37,Tenkasi ,1492317,506970,548621,4,1055595,0,10413,1066008,71.43308024,68.89986097,72.52747107,5.128205128
Tamil Nadu,38,Tirunelveli,1547800,499295,533224,11,1032530,0,7860,1040390,67.21734074,65.70682592,67.68098963,16.17647059
Tamil Nadu,39,Kanniyakumari,1501250,510999,531602,24,1042625,0,6802,1049427,69.90354704,67.16318451,71.81297357,15.09433962
Telangana,1,Adilabad ,1489790,523054,539832,9,1062895,0,1082,1063977,71.41791796,71.48945127,71.21023847,16.07142857
Telangana,2,Peddapalle ,1479091,484439,484738,21,969198,0,967,970165,65.59197507,65.40842545,65.64965309,25.30120482
Telangana,3,Karimnagar ,1651543,558800,588108,7,1146915,0,1286,1148201,69.52292493,68.49197536,70.37756373,20.58823529
Telangana,4,Nizamabad,1553385,474024,587594,4,1061622,0,1560,1063182,68.4429166,64.22445446,72.07248535,13.79310345
Telangana,5,Zahirabad,1498666,514518,529323,2,1043843,0,661,1044504,69.6955826,69.70437977,69.60545037,3.278688525
Telangana,6,Medak,1603318,581947,567533,10,1149490,0,841,1150331,71.74690236,72.81655564,70.58157076,24.3902439
Telangana,7,Malkajgiri,3150313,823072,738294,34,1561400,0,2246,1563646,49.63462361,50.24693936,48.83187491,9.742120344
Telangana,8,Secundrabad,1968276,488024,426124,6,914154,0,1109,915263,46.50074481,47.61079697,45.17906803,10.16949153
Telangana,9,Hyderabad,1957931,479564,397698,5,877267,0,674,877941,44.84024207,47.36331655,42.0721122,3.787878788
Telangana,10,CHEVELLA,2443112,678645,620290,18,1298953,0,2045,1300998,53.25167246,53.66504981,52.64332659,7.826086957
Telangana,11,Mahbubnagar,1506102,494155,489732,4,983891,0,876,984767,65.38514656,65.70283976,64.95489796,10.25641026
Telangana,12,Nagarkurnool,1588111,502620,486427,1,989048,0,845,989893,62.33147431,62.94623233,61.6057124,2.564102564
Telangana,13,Nalgonda,1585980,585803,588944,3,1174750,0,1234,1175984,74.14872823,74.65949049,73.49673039,11.11111111
Telangana,14,Bhongir ,1628033,616922,594332,2,1211256,0,1521,1212777,74.49339172,75.32036569,73.47055835,6.666666667
Telangana,15,Warangal,1666770,530268,530078,66,1060412,0,1260,1061672,63.69637083,63.92360048,63.32661931,36.26373626
Telangana,16,Mahabubabad  ,1424385,485104,497622,8,982734,0,973,983707,69.06187583,69.0127881,68.97822209,17.0212766
Telangana,17,Khammam ,1513809,559568,578825,32,1138425,0,1423,1139848,75.29668538,75.58716458,74.83696383,48.48484848
Tripura,1,Tripura West,1352857,559005,542353,4,1101362,0,7065,1108427,81.93231066,81.31632349,81.50756986,40
Tripura,2,Tripura East,1261861,529358,511554,1,1040913,0,5210,1046123,82.90318823,82.51685463,82.4632219,25
Uttar Pradesh,1,Saharanpur,1739082,663829,565077,9,1228915,0,3523,1232438,70.86715865,71.32048876,69.91528412,10.97560976
Uttar Pradesh,2,Kairana,1666703,606832,514021,10,1120863,0,3350,1124213,67.45130956,67.40787724,67.07208389,10.75268817
Uttar Pradesh,3,Muzaffarnagar,1698003,624979,529210,3,1154192,0,7582,1161774,68.42002046,67.83819017,68.14333523,2.702702703
Uttar Pradesh,4,Bijnor,1664125,585728,510581,4,1096313,0,5653,1101966,66.21894389,65.39295862,66.45248197,5
Uttar Pradesh,5,Nagina,1586117,515070,490879,6,1005955,0,3830,1009785,63.66396678,61.03976289,66.13569918,10
Uttar Pradesh,6,Moradabad,1958939,691615,588042,12,1279669,0,2596,1282265,65.45711735,65.94226459,64.61836679,12.37113402
Uttar Pradesh,7,Rampur,1679506,565546,494611,4,1060161,0,1077,1061238,63.18750871,62.65923902,63.67542989,2.45398773
Uttar Pradesh,8,Sambhal,1828764,645902,536303,4,1182209,0,1579,1183788,64.7315892,65.53787771,63.61106729,3.149606299
Uttar Pradesh,9,Amroha,1646435,616570,550735,3,1167308,0,2446,1169754,71.04768788,70.33468207,71.54939349,3.529411765
Uttar Pradesh,10,Meerut,1892931,673088,538984,4,1212076,0,4864,1216940,64.28866134,65.12483854,62.72631313,3.007518797
Uttar Pradesh,11,Baghpat,1616476,581282,455777,2,1037061,0,8546,1045607,64.6843504,64.79206376,63.36916277,2.352941176
Uttar Pradesh,12,Ghaziabad,2728978,854916,666970,6,1521892,0,3205,1525097,55.88528013,56.24676796,55.1702289,5.504587156
Uttar Pradesh,13,Gautam Buddha Nagar,2302960,773558,616093,4,1389655,0,3486,1393141,60.49349533,60.99056708,59.55449138,3.007518797
Uttar Pradesh,14,Bulandshahr,1787925,584669,533764,9,1118442,0,6558,1125000,62.92210244,61.34824293,63.93937688,9.473684211
Uttar Pradesh,15,Aligarh,1887127,625385,530640,5,1156030,0,7920,1163950,61.6784138,61.78985413,60.65191898,4.273504274
Uttar Pradesh,16,Hathras,1864320,621305,522728,2,1144035,0,7426,1151461,61.7630557,61.53082062,61.17269272,3.225806452
Uttar Pradesh,17,Mathura,1807893,611218,486892,2,1098112,0,6213,1104325,61.08353758,62.09955753,59.12930695,0.99009901
Uttar Pradesh,18,Agra,1937690,644571,496879,5,1141455,0,4174,1145629,59.1234408,60.94559751,56.46512685,5.102040816
Uttar Pradesh,19,Fatehpur Sikri,1718837,580669,450331,4,1031004,0,7456,1038460,60.41643274,61.72391874,57.88070686,7.692307692
Uttar Pradesh,20,Firozabad,1790510,592593,479885,2,1072480,0,4094,1076574,60.12666782,61.44712488,58.09576961,2.197802198
Uttar Pradesh,21,Mainpuri,1723236,543014,429681,2,972697,0,5564,978261,56.76883491,58.13269328,54.45313807,3.448275862
Uttar Pradesh,22,Etah,1621295,536075,461773,5,997853,0,2499,1000352,61.7008009,60.99892243,62.19818378,10.86956522
Uttar Pradesh,23,Badaun,1891576,592408,486684,9,1079101,0,2373,1081474,57.173172,57.67228682,56.3107223,9.375
Uttar Pradesh,24,Aonla,1785605,580835,469654,4,1050493,0,2409,1052902,58.96612073,59.4304921,58.11233347,4.597701149
Uttar Pradesh,25,Bareilly,1797655,589861,475904,3,1065768,0,3188,1068956,59.46391271,60.20580949,58.19099545,3.614457831
Uttar Pradesh,26,Pilibhit,1761207,639291,543594,5,1182890,0,4335,1187225,67.40973662,67.38095916,66.91540696,6.578947368
Uttar Pradesh,27,Shahjahanpur,2114201,664430,515538,6,1179974,0,7159,1187133,56.15043224,57.36969577,53.93283111,3.821656051
Uttar Pradesh,28,Kheri,1770699,623854,512343,6,1136203,0,569,1136772,64.19905359,65.87729173,62.20253524,16.66666667
Uttar Pradesh,29,Dhaurahra,1644674,598573,464597,8,1063178,0,775,1063953,64.69081411,67.6624322,61.13657388,8.421052632
Uttar Pradesh,30,Sitapur,1666126,585694,477676,8,1063378,0,1844,1065222,63.93406021,65.79049943,61.57078483,11.5942029
Uttar Pradesh,31,Hardoi,1807119,587977,467415,0,1055392,0,2455,1057847,58.53776093,59.92238321,56.59928412,0
Uttar Pradesh,32,Misrikh,1796932,572540,452522,1,1025063,0,2319,1027382,57.17422807,58.69875239,55.08719179,1.25
Uttar Pradesh,33,Unnao,2191465,677560,557981,5,1235546,0,2005,1237551,56.47140155,56.38650672,56.37692186,5.154639175
Uttar Pradesh,34,Mohanlalganj,2023431,700199,563737,0,1263936,0,6644,1270580,62.79334457,64.65890118,59.94466355,0
Uttar Pradesh,35,Lucknow,2040367,609363,497734,3,1107100,6,10530,1117630,54.77593002,55.57574182,52.73639431,3.092783505
Uttar Pradesh,36,Rae Bareli,1702248,486873,468447,1,955321,0,3701,959022,56.33855936,54.33050042,58.11521637,2
Uttar Pradesh,37,Amethi,1743515,479441,461540,0,940981,0,1975,942956,54.08361844,51.8559579,56.36702931,0
Uttar Pradesh,38,Sultanpur,1775196,499120,499917,4,999041,0,1723,1000764,56.37484537,53.72352277,59.08695498,5.479452055
Uttar Pradesh,39,Pratapgarh,1708759,460484,449531,0,910015,0,5244,915259,53.56279031,50.24156065,56.74535149,0
Uttar Pradesh,40,Farrukhabad,1708585,551171,449196,6,1000373,0,2868,1003241,58.71765233,59.28571582,57.67633683,7.792207792
Uttar Pradesh,41,Etawah,1757984,558464,464983,3,1023450,0,5361,1028811,58.52220498,58.3632571,58.04581918,6.52173913
Uttar Pradesh,42,Kannauj,1874824,622274,514822,4,1137100,0,3885,1140985,60.85824589,60.65462556,60.65084958,6.153846154
Uttar Pradesh,43,Kanpur,1632983,475353,362893,7,838253,0,5166,843419,51.64897614,53.19027755,49.09472665,5.384615385
Uttar Pradesh,44,Akbarpur,1766121,572760,446366,16,1019142,0,7491,1026633,58.12925615,59.37287171,55.70293498,15.23809524
Uttar Pradesh,45,Jalaun,1933358,620288,506493,2,1126783,0,3963,1130746,58.48611587,59.05800517,57.36229461,2.409638554
Uttar Pradesh,46,Jhansi,2040739,745494,633910,3,1379407,0,1723,1381130,67.67793432,69.02217338,65.99139075,4.615384615
Uttar Pradesh,47,Hamirpur,1749100,590920,496952,14,1087886,0,2143,1090029,62.31942142,61.94987147,62.49435673,37.83783784
Uttar Pradesh,48,Banda,1702024,551269,481995,12,1033276,0,1636,1034912,60.80478301,59.46627286,62.19828037,19.04761905
Uttar Pradesh,49,Fatehpur,1839312,552984,486248,2,1039234,0,5255,1044489,56.7869399,55.35054021,57.87336957,3.278688525
Uttar Pradesh,50,Kaushambi,1787120,507213,464469,3,971685,0,3352,975037,54.55912306,52.79212385,56.22580434,1.119402985
Uttar Pradesh,51,Phulpur,2010477,538435,435879,12,974326,0,4751,979077,48.69874164,48.84149588,48.01222669,5.607476636
Uttar Pradesh,52,Allahabad,1716160,494017,392794,4,886815,0,2738,889553,51.83391991,52.54829171,50.62756976,2.105263158
Uttar Pradesh,53,Barabanki,1816830,637599,517214,5,1154818,0,890,1155708,63.61123495,65.72758676,61.08499702,9.090909091
Uttar Pradesh,54,Faizabad,1821785,571394,514352,20,1085766,0,1654,1087420,59.68980972,58.67046444,60.66730831,35.0877193
Uttar Pradesh,55,Ambedkar Nagar,1785657,556597,531868,0,1088465,0,2150,1090615,61.07639933,58.10723484,64.25683986,0
Uttar Pradesh,56,Bahraich,1729908,528086,460816,8,988910,0,1233,990143,57.23674323,57.41250911,56.89205823,6.956521739
Uttar Pradesh,57,Kaiserganj,1805946,522251,457572,0,979823,0,2500,982323,54.39381908,53.92180347,54.64570672,0
Uttar Pradesh,58,Shrawasti,1914739,548122,448359,5,996486,0,653,997139,52.07701937,52.80528244,51.14394276,6.944444444
Uttar Pradesh,59,Gonda,1770248,490088,432094,2,922184,0,1939,924123,52.20302466,50.91754605,53.49929364,2.777777778
Uttar Pradesh,60,Domariyaganj,1885433,489185,495930,0,985115,0,215,985330,52.26014396,48.05646316,57.17932399,0
Uttar Pradesh,61,Basti,1845223,537937,510947,1,1048885,0,6316,1055201,57.18555427,53.92143989,60.2919329,0.729927007
Uttar Pradesh,62,Sant Kabir Nagar,1962903,527427,533378,1,1060806,0,3119,1063925,54.20160854,49.44719293,59.51790074,1.086956522
Uttar Pradesh,63,Maharajganj,1915408,607060,618619,7,1225686,0,1538,1227224,64.07115351,59.303357,69.39134688,2.661596958
Uttar Pradesh,64,Gorakhpur,1981197,627713,553509,0,1181222,0,3703,1184925,59.80853999,57.82527309,61.81094756,0
Uttar Pradesh,65,Kushi Nagar,1761564,526776,522399,4,1049179,0,4130,1053309,59.79396718,55.23330003,64.67775584,2.857142857
Uttar Pradesh,66,Deoria,1754195,506109,502783,4,1008896,0,6700,1015596,57.8952739,52.85993151,63.11247405,4.166666667
Uttar Pradesh,67,Bansgaon,1751258,482600,482462,2,965064,0,4719,969783,55.37636373,50.19700191,61.08977549,2.298850575
Uttar Pradesh,68,Lalganj,1751980,468375,489947,0,958322,0,2742,961064,54.85587735,50.07103753,60.00377207,0
Uttar Pradesh,69,Azamgarh,1789168,523819,501829,0,1025648,0,4148,1029796,57.55725566,53.81383226,61.52066671,0
Uttar Pradesh,70,Ghosi,1991651,589077,548040,0,1137117,0,4363,1141480,57.31325418,54.8814334,59.68621284,0
Uttar Pradesh,71,Salempur,1667282,469667,446144,0,915811,0,8290,924101,55.42559687,51.61090751,58.91968775,0
Uttar Pradesh,72,Ballia,1822625,531670,449438,4,981112,0,9459,990571,54.34859063,52.90127689,54.97383031,7.547169811
Uttar Pradesh,73,Jaunpur,1867976,520123,518437,0,1038560,0,3273,1041833,55.77336111,52.48169629,59.12662162,0
Uttar Pradesh,74,Machhlishahr,1848306,511790,520320,1,1032111,0,3299,1035410,56.01940371,51.9167895,60.33206289,1.111111111
Uttar Pradesh,75,Ghazipur,1881077,580248,519642,0,1099890,0,7607,1107497,58.87568664,56.34936435,61.04207169,0
Uttar Pradesh,76,Chandauli,1756837,589802,490253,5,1080060,0,6133,1086193,61.82662364,61.35226253,61.63696209,4.464285714
Uttar Pradesh,77,Varanasi,1856791,606306,452435,3,1058744,0,2085,1060829,57.13238593,59.03011645,54.53915329,2.542372881
Uttar Pradesh,78,Bhadohi,1942514,540234,496990,5,1037229,0,2634,1039863,53.53181496,50.91426923,56.39442853,2.89017341
Uttar Pradesh,79,Mirzapur,1845150,587558,520101,1,1107660,0,1399,1109059,60.10671219,60.34157663,59.6942412,0.64516129
Uttar Pradesh,80,Robertsganj,1723538,534178,453411,0,987589,0,1215,988804,57.37059467,57.53562466,57.02816751,0
Uttarakhand,1,Tehri Garhwal,1493543,428054,435743,9,863806,0,15377,879183,58.86559677,54.34647091,61.73282539,17.64705882
Uttarakhand,2,Garhwal,1355796,330296,391050,3,721349,0,26673,748022,55.17216454,46.61004153,60.4287264,9.090909091
Uttarakhand,3,Almora,1337808,309061,368861,2,677924,0,21883,699807,52.30997273,44.46389856,57.39062111,40
Uttarakhand,4,Nainital-udhamsingh Nagar,1828433,647658,601589,9,1249256,0,11754,1261010,68.96670537,67.04666034,69.75543409,34.61538462
Uttarakhand,5,Hardwar,1840738,671478,593713,22,1265213,0,8180,1273393,69.17839475,68.13466245,69.43248345,17.1875
West Bengal,1,Cooch behar,1814200,778609,741742,1,1520352,0,5094,1525446,84.08367324,82.39475372,85.33420768,16.66666667
West Bengal,2,Alipurduars,1648383,689356,686548,1,1375905,0,5271,1381176,83.78975032,82.42749767,84.54587324,4.347826087
West Bengal,3,Jalpaiguri,1735464,769205,728505,1,1497711,0,3668,1501379,86.51167642,86.52338433,86.06775264,5.555555556
West Bengal,4,Darjeeling,1611317,642333,617792,0,1260125,0,9541,1269666,78.79678549,78.55487491,77.84589136,0
West Bengal,5,Raiganj,1601220,639728,632825,4,1272557,0,5519,1278076,79.8188881,76.93060675,82.22703276,8.333333333
West Bengal,6,Balurghat,1431704,605721,589598,21,1195340,0,2897,1198237,83.69306784,82.11106367,84.96174835,33.87096774
West Bengal,7,Maldaha Uttar,1685955,661444,690382,4,1351830,0,3537,1355367,80.39164746,76.42872577,84.14541545,7.547169811
West Bengal,8,Maldaha Dakshin,1575590,625059,650335,4,1275398,0,4579,1279977,81.23794896,77.88130514,84.13380993,11.76470588
West Bengal,9,Jangipur,1616213,638429,664486,1,1302916,0,1713,1304629,80.72135294,77.2705982,84.11779524,2.43902439
West Bengal,10,Baharampur,1638378,641365,654690,2,1296057,0,4976,1301033,79.40981874,76.08378451,82.31304833,5
West Bengal,11,Murshidabad,1725187,720758,731221,4,1451983,0,2209,1454192,84.29184778,81.47850043,86.9921243,14.28571429
West Bengal,12,Krishnanagar,1631698,688470,672857,4,1361331,0,5270,1366601,83.75330484,81.10429159,85.95658845,9.756097561
West Bengal,13,Ranaghat,1762252,749675,729275,5,1478955,0,5842,1484797,84.25565697,82.34205439,85.61937344,10.41666667
West Bengal,14,Bangaon,1704632,716577,687887,2,1404466,0,4187,1408653,82.63678026,81.78618264,83.03301346,8.695652174
West Bengal,15,Barrackpore,1436431,579960,522600,7,1102567,0,2132,1104699,76.90581727,78.1296098,75.29207013,24.13793103
West Bengal,16,Dum dum,1566196,619195,583905,7,1203107,0,1588,1204695,76.91853382,79.23921042,74.40858489,16.27906977
West Bengal,17,Barasat,1718252,729072,664191,7,1393270,0,2924,1396194,81.2566492,83.54153632,78.55581654,15.90909091
West Bengal,18,Basirhat,1678357,753166,679304,6,1432476,0,1293,1433769,85.42693837,87.10595555,83.48581008,23.07692308
West Bengal,19,Jaynagar,1648355,710417,644971,3,1355391,0,995,1356386,82.28725002,83.89510057,80.46989043,5.263157895
West Bengal,20,Mathurapur,1652096,722868,678047,4,1400919,0,1100,1402019,84.8630467,84.75621982,84.84188346,14.28571429
West Bengal,21,Diamond harbour,1719190,745450,662528,9,1407987,0,1386,1409373,81.97889704,84.0369765,79.6227304,16.07142857
West Bengal,22,Jadavpur,1816857,743145,691668,13,1434826,0,2457,1437283,79.1082072,81.6860986,76.25677352,17.33333333
West Bengal,23,Kolkata Dakshin,1728851,638271,565962,3,1204236,0,2840,1207076,69.81955067,71.16372414,68.03139271,9.090909091
West Bengal,24,Kolkata Uttar,1444082,527881,421566,6,949453,0,1186,950639,65.82998749,66.43973891,64.90213859,40
West Bengal,25,Howrah,1633925,656812,564529,18,1221359,0,1349,1222708,74.83256575,76.9388097,72.35529044,69.23076923
West Bengal,26,Uluberia,1614988,676981,633018,18,1310017,0,1103,1311120,81.18450416,81.31708548,80.90441664,43.90243902
West Bengal,27,Srerampur,1785472,722334,677696,12,1400042,0,2217,1402259,78.53715992,78.83332606,77.97191292,31.57894737
West Bengal,28,Hooghly,1766601,735764,719695,9,1455468,0,3166,1458634,82.56725769,82.49344662,82.28292397,25
West Bengal,29,Arambagh,1764726,745780,724650,2,1470432,0,2030,1472462,83.43856213,82.29460006,84.41121243,11.11111111
West Bengal,30,Tamluk,1694646,731556,712353,7,1443916,0,3024,1446940,85.38302395,83.31569962,87.23829235,21.21212121
West Bengal,31,Kanthi,1660147,723072,698678,0,1421750,0,3216,1424966,85.83372436,84.08596148,87.31117598,0
West Bengal,32,Ghatal,1800002,738122,748473,5,1486600,0,2738,1489338,82.74090807,79.9444164,85.37507072,25
West Bengal,33,Jhargram,1641868,710101,691203,2,1401306,0,5925,1407231,85.70914349,85.60951939,85.08265734,15.38461538
West Bengal,34,Medinipur,1674236,713838,693138,1,1406977,0,3344,1410321,84.23669065,84.16005357,83.91206604,6.25
West Bengal,35,Purulia,1645884,695989,656252,1,1352242,0,3619,1355861,82.37889183,82.54090049,81.75863057,11.11111111
West Bengal,36,Bankura,1648906,703940,663542,3,1367485,0,5160,1372645,83.24580055,83.65906501,82.1766581,33.33333333
West Bengal,37,Bishnupur,1627199,731565,686305,1,1417871,0,3320,1421191,87.3397169,87.84560241,86.39222262,12.5
West Bengal,38,Bardhaman Purba,1698089,731115,706739,10,1437864,0,1739,1439603,84.77782967,84.07399187,85.31013296,22.22222222
West Bengal,39,Bardhaman Durgapur,1733578,738241,693229,5,1431475,0,1714,1433189,82.67231125,83.72376548,81.38467914,18.51851852
West Bengal,40,Asansol,1615865,664991,572239,2,1237232,0,919,1238151,76.62465614,78.82000704,74.11097498,4.545454545
West Bengal,41,Bolpur,1705073,747330,711617,2,1458949,0,2980,1461929,85.73996539,85.65671524,85.47151138,8.333333333
West Bengal,42,Birbhum,1699219,743725,703397,1,1447123,0,2985,1450108,85.33967664,86.15197313,84.14554346,5.263157895
,,,,,,,,,,,,,,
,,,,,,,,,,,,,,
,,,,,,,,,,,,,,
Disclaimer,,,,,,,,,,,,,,
"This report is based on Index Cards data made available by concerned Returning Officers on the basis of Statutory data maintained in the forms. In case of any dispute, the data maintained in the Statutory Forms by the concerned Returning Officers shall prevail.",,,,,,,,,,,,,,